{
  "policies": {
    "NewTabPage": false,
    "DisplayMenuBar": true,
    "DisableFirefoxAccounts": true,
    "ExtensionSettings": {
      "uBlock0@raymondhill.net": {
        "install_url": "https://addons.mozilla.org/firefox/downloads/latest/ublock-origin/latest.xpi",
        "installation_mode": "normal_installed"
      },
      "CanvasBlocker@kkapsner.net": {
        "install_url": "https://addons.mozilla.org/firefox/downloads/latest/canvasblocker/latest.xpi",
        "installation_mode": "normal_installed"
      }
    },
    "NetworkPrediction": false,
    "CaptivePortal": false,
    "DNSOverHTTPS": {
      "Enabled": false
    },
    "DisableFirefoxStudies": true,
    "DisableTelemetry": true,
    "DisablePocket": true
  }
}